Theme,Complete Phrase,Puzzle,About phrase
Aviation - 1,Commercial airplanes are painted white to reflect heat and lower cooling costs.,_#_____#__ __@___@__ @__ ____#__ _____ t_ __f_@_@ _ea_ ___ _#__r ______g c_#_s.,Fun Facts
Aviation - 2,The Wright brothers made their historic first powered flight back in nineteen three.,_@_ ______ _#______ ____ t____ _____@__ ___#_ _____#_ _@____ _#__ _@ __@___e_ _#___.,Fun Facts
Aviation - 3,Commercial aircraft cabins are pressurized to simulate an altitude of eight thousand feet.,_#________ ________ __@___ ___ _#_____#__@ t_ ___#__#_ a_ ________ _@ _i___ @___@___ f___.,Fun Facts
Aviation - 4,Pilots and copilots strictly eat different meals to avoid potential food poisoning.,___#__ _#_ ____#___ ________ e__ __#______ ____@ t_ ____@ ____@____ _@__ ___#_n_@_.,Fun Facts
Aviation - 5,Modern jet engines are regularly tested to withstand severe bird strike impacts.,_#__#_ ___ _______ a__ _#_@__@_@ __#___ _o __@__@___ _e____ _i__ __#___ _______.,Fun Facts
Aviation - 6,Airplane tires are inflated with dry nitrogen gas to prevent sudden rim fires.,__#__#__ _@___ ___ __@_____ _@__ d__ _i_@____ _#_ t_ ___#___ ___#__ __@ _____.,Fun Facts
Aviation - 7,The world's busiest airport by passenger traffic is located in Atlanta Georgia.,___ ____@'s ___#___ __r____ @_ ____e__#_ _#___@_ i_ l___#__ __ _#_____ ___@_@_.,Fun Facts
Aviation - 8,Lightning strikes individual commercial jets roughly once per year on average.,_#_______ __r_#__ _______#__ _@_______@ ___@ ___g_#_ o___ _@_ y___ @_ _____#_.,Fun Facts
Aviation - 9,Contrails are artificial cloud trails formed by hot engine exhaust in cold air.,_________ ___ _#______#_ _____ @____@ @__@__ b_ _o_ __#___ _#_@___ i_ _#__ a__.,Fun Facts
Aviation - 10,Qantas operates the world's oldest continuously running commercial airline service.,__#___ @__#____ __@ w____'s o_____ _____#__#___ ____@_@ ______@___ ______e __#____.,Fun Facts
Aviation - 11,Airplanes travel faster at high altitudes due to thinner air offering less drag.,@________ __#_@_ _@____ __ ____ _#_@_____ ___ __ __#_n__ _#_ __#_r___ ___@ d___.,Fun Facts
Aviation - 12,The Boeing 747 jumbo jet first flew commercially in nineteen seventy.,_#_ ___#__ 747 ___@_ _#_ _@_@_ f___ _#__#_______ _n _____e_@ s_@____.,Fun Facts
Aviation - 13,Stale airplane cabin air is continuously refreshed through medical grade filters.,___#_ _@____#_ _____ __@ i_ _#______@___ __@___#__ ____#__ _@____l g____ _______.,Fun Facts
Aviation - 14,Aviation fuel expands in high temperatures so tanks are filled right before takeoff.,___#____ ____ __#_@__ __ ____ _#______@___ _@ _#_@_ a__ f_____ _i__t _e@___ __#____.,Fun Facts
Aviation - 15,Autoland systems allow modern passenger jets to touch down safely in heavy fog.,_____@__ ____#__ _#___ __#__@ __@____#_ _#__ __ ____h d___ ___e_@ i_ @_a__ __g.,Fun Facts
Aviation - 16,99% of the airplanes are manufactured by Boeing and Airbus.,99% __ t__ _#__@__#_ a__ @__#__c@___@ _y @_____ _#_ _i_#__.,Fun Facts
Aviation - 17,Airplane windows are oval to distribute pressure evenly and prevent structural stress.,____#_@_ _______ ___ ____ __ _#____@_@_ pre_____ _@_#__ a__ _____#_ ______@___ _#____.,Fun Facts
Aviation - 18,The black box flight recorder is actually painted bright orange for easy recovery.,___ _____ ___ __#___ __@_____ i_ _ct_#__y _#___#_ __@g@_ o_____ _#_ _@__ @_______.,Fun Facts
Aviation - 19,Concorde was a famous supersonic airliner that flew faster than the speed of sound.,_#______ @__ _ ______ ____#___#_ _@____@_ _#__ ____ ____@_ t___ ___ _#_@_ o_ ____d.,Fun Facts
Aviation - 20,Flight attendants undergo rigorous training for extreme emergency sea landings.,_#____ _______#__ _______ ___#_o__ @__@__n_ _@_ _#____@ ___#_____ s__ _______@.,Fun Facts
Aviation - 21,Jet lag occurs when rapid time zone changes disrupt your natural body clock.,___ ___ ______ @___ _@_#_ ____ __#_ c______ ___@__@ y___ __#__#_ _o__ _#_@_.,Fun Facts
Aviation - 22,Airplanes can glide safely for dozens of miles even if all engines fail completely.,_________ __@ __@_@ ______ ___ __#___ o_ ___#_ _@__ i_ _#_ _#_____ f___ c___#____@.,Fun Facts
Aviation - 23,The winglets on modern plane wings reduce aerodynamic drag and save jet fuel.,___ ______ts o_ @_d___ @____ _i__@ ____#_ _e____#____ __#_ _#_ __@_ _#_ @___.,Fun Facts
Aviation - 24,Aviation accounts for roughly two percent of total global carbon emissions.,_#______ _#______ ___ _@__@__ ___ __#_@_t o_ _#___ ___#__ @___@_ _m__s____.,Fun Facts
Aviation - 25,The tiny hole at the bottom of plane windows helps regulate cabin window pressure.,___ _@__ __#_ __ ___ b_____ o_ __@__ _i_#__@ h____ r____#__ @____ _#__#_ __e____@.,Fun Facts
Aviation - 26,Private jets burn significantly more fuel per passenger than commercial flights.,____@_@ __#_ ____ _________#__y __@_ f___ __r __#__#_@_ __#_ c_________ @______.,Fun Facts
Aviation - 27,Helicopter rotor blades generate dynamic lift by rotating rapidly through the air.,_____#____ _#___ _#_@__ ________ __n_#__ _i__ _@ __#_____ r______ _____@_ __@ a@_.,Fun Facts
Aviation - 28,The largest passenger plane in the world is the massive double decker Airbus A380.,_#_ ___@___ __@______ ___@_ __ __@ w____ i_ @__ _#_____ ___#_e ____#_ __#___ A380.,Fun Facts
Aviation - 29,Pilots must keep detailed flight logs tracking every single minute in the air.,____#_ @___ ____ @__#___@ ______ ___@ __#__#__ _____ _____@ ____#_ i_ t__ a__.,Fun Facts
Aviation - 30,Aircraft cabin lights are dimmed during night landings for emergency eye adjustment.,_#__@___ _____ ______ _@_ _#__#_ ___@__ __#__ __n___@_ _@_ _#__g____ e__ __________.,Fun Facts
Aviation - 31,Supersonic flight creates a loud sonic boom that shakes ground structures below.,_#_____@__ @___#_ ___#___ _ ____ ____@ @___ ____ ___k_s _ro___ _#_@___#__ b____.,Fun Facts
Aviation - 32,Turbulence is caused by sudden shifts in atmospheric air currents and thermal wind.,___#____#_ __ ___@__ __ ____#_ @___#_ __ __#______@_ a__ _u______ ___ t______ _@_@.,Fun Facts
Aviation - 33,The world's shortest commercial flight lasts under two minutes in Scotland.,___ _____'_ _#__@_#_ ____#_____ __#_@_ l_@__ __@_r __@ _#_____ i_ ______n_.,Fun Facts
Aviation - 34,Space travel begins at the Karman line located one hundred kilometers high.,_____ t_____ __@_#_ _@ _@_ _____n _#__ _#__#__ o__ ___#___ _i__me___@ __@_.,Fun Facts
Aviation - 35,Aviation safety standards make flying statistically safer than driving a car.,________ ____#_ __#__#___ _@__ ______ @__@___@__#__ ___e_ t__@ d__v___ a _#_.,Fun Facts
Aviation - 36,The first woman to fly solo across the Atlantic Ocean was Amelia Earhart.,___ _#___ @____ @_ _@_ s_l_ __#___ t__ ______@_ ___#_ _a_ _@__#_ ___#___.,Fun Facts
Aviation - 37,Radar systems bounce radio waves off aircraft to track exact position and speed.,_#___ ___@___ _@____ r____ _a___ o__ _#___#__ t_ ___@_ @__#_ @_______ _n_ __#__.,Fun Facts
Aviation - 38,Hot air balloons were the earliest successful human flight technology in history.,___ ___ __#_____ w___ _h_ _@_@____ ___#__#___ _#_a_ @_____ _#________ _@ __@____.,Fun Facts
Aviation - 39,Oxygen masks provide emergency air for roughly fifteen minutes once deployed.,_____@ ___#_ ____@__ _________ ___ f__ _#___@_ ___#_e_ ___#___ @___ d_#_@___.,Fun Facts
Aviation - 40,Airplane seats are engineered to withstand extreme forces during hard landings.,_#______ ___#_ ___ _@_@_#__e_ t_ ___@__a__ _____#_ __r___ @_@___ ____ _#______.,Fun Facts
Aviation - 41,Jet engines ingest huge amounts of air to generate forward thrust effectively.,@__ ____@__ _@__#_ _#__ _#_____ __ _#_ _@ _#____@_ f______ t_____ e__________.,Fun Facts
Aviation - 42,The Concorde could cross the Atlantic Ocean in under three and a half hours.,_#_ _@______ @____ __#__ _#_ ___a_@__ _@___ i_ u__@_ t____ _#_ _ h___ __#__.,Fun Facts
Aviation - 43,Inflight food tastes different because high altitude dulls your taste buds.,___@_@_t ___d _as_#_ ___f___#_ ___#___ __#_ @______@ __@__ _o__ _#___ ____.,Fun Facts
Aviation - 44,Modern glass cockpits replace manual analog gauges with digital screen displays.,____#_ ___@_ ____p_#_ __#_@__ ____@_ a_____ ___#__ _i__ ___#___ _c___@ @_______.,Fun Facts
Aviation - 45,The sound barrier was first broken by Chuck Yeager in a rocket powered plane.,_#_ _#___ _@____@ ___ _@_#_ ______ __ _____ __#___ @_ a @____t __w__#_ p____.,Fun Facts
Aviation - 46,Airport runways are numbered based on their precise magnetic compass heading.,_______ r____#_ a__ ____#___ @____ _@ ____@ __#___@ __@_____ __#__#_ h______.,Fun Facts
Aviation - 47,Most commercial jet airliners fly at a cruising altitude of thirty thousand feet.,__@_ __#__@____ ___ ___#__#__ ___ @_ _ __#_____ _____#__ @_ t__@__ ________ __e_.,Fun Facts
Aviation - 48,Emergency evacuation slides deploy and inflate fully in less than ten seconds.,______#__ ___@_#_@__ ___@__ ____@_ __@ ____#__ _____ _n l___ __a_ t__ __#__#_.,Fun Facts
Aviation - 49,Heavy cargo planes can carry military tanks and massive vehicles across oceans.,_____ ____@ ______ @__ _#___ _______@ ___#_ __@ _a_#__e v_______ __#__s _@_#__.,Fun Facts
Aviation - 50,Aviation technology continues to evolve toward sustainable electric propulsion.,_#__#_o_ ___h___@__ c________ _@ ___@__ ___#__ _@____@____ _#______ ____u___#_.,Fun Facts
Music - 1,Music lowers stress levels by reducing cortisol production in your brain naturally.,_#___ ______ __#___ _#__#_ b_ __du_i_@ _#____@_ ____@_@_o_ _n y___ __a__ ______@__.,Fun Facts
Music - 2,Listening to upbeat songs boosts physical performance and endurance during workouts.,__#______ t_ @_____ __#__ _#__@_ ____#___ ______@__#_ a__ e________ ____@_ __@_____.,Fun Facts
Music - 3,The world's oldest playable musical instrument is a bird bone flute aged over thirty millennia.,@__ __@__'_ _#____ __#_____ _____@_ ____#_____ @_ _ _#__ b___ f_#__ a___ _v__ ____@_ m________.,Fun Facts
Music - 4,Your heart rate dynamically adjusts to match the specific tempo of the music you hear.,_#__ _____ _@__ ______#__@_ ___@___ __ _a___ t__ __@_____ _#__@ o_ __e __#__ y__ _#__.,Fun Facts
Music - 5,Plants grow faster and healthier when exposed to soothing classical melodies daily.,_#____ ___@ _@_#__ ___ _____#___ ____ e______ t_ __o@__@_ ____#_c_@ ___#____ d____.,Fun Facts
Music - 6,Singing in a group releases endorphins and creates strong feelings of social connection.,__#__@_ __ _ _____ ________ _@_o_#____ _#_ c___@__ s_____ ___#___@ __ __@___ ___#______.,Fun Facts
Music - 7,Singer Prince played 27 different instruments on his very first debut album.,______ P_i_@_ __@___ 27 _#___#___ _@__#______ o_ __@ _#__ __#_t __@__ a____.,Fun Facts
Music - 8,Learning an instrument improves memory retention and spatial reasoning skills in kids.,___#___@ __ ____r_m___ ____#___ ____#_ _e_______ __@ __@____ ______#__ @__@__ i_ __#_.,Fun Facts
Music - 9,Astronauts regularly listen to wake up songs selected by NASA mission controllers.,___#______ __@_#_@__ ____#_ __ ____ __ s____ ________ b_ N___ ______@ @___@_#__#_.,Fun Facts
Music - 10,An earworm occurs when a catchy tune loops endlessly inside your subconscious mind.,__ __#____ ____#_ __@_ _ @_____ ____ l____ __#______ _@_@__ y___ __#__#___@__ m___.,Fun Facts
Music - 11,Cows produce significantly more milk when listening to relaxing acoustic tracks.,_#__ _@_____ _#______@___@ ____ __#_ w___ _#_______ _o @__a____ ____#___ __@___.,Fun Facts
Music - 12,The national anthem of Monaco contains no written lyrics and is purely instrumental.,___ ____#___ _@_#__ __ ___@__ ________ n_ _#__@__ l___#_ a__ i_ __@___ _@s__#______.,Fun Facts
Music - 13,Binaural beats can alter brainwave frequencies to induce deep mental relaxation.,____#___ _____ c__ @__@_ _______#_ @___#_____@ _@ ___#__ d___ ___#__ ___a__t___.,Fun Facts
Music - 14,Heavy metal music helps many listeners process intense anger and reduce stress.,_@___ _____ _____ ____@ ____ __#___e__ _#__#__ i_#__#_ @__@_ __d _____@ s_____.,Fun Facts
Music - 15,Playing music engages virtually every single region of the central nervous system.,_#__@__ ___#_ _@__#__ _____#___ ____y _____@ r_#__n _f _h_ ___@___ _______ @_____.,Fun Facts
Music - 16,The world's longest running musical performance will end in the year twenty six forty.,___ _#___'_ _#__@__ @______ @______ _@_@o____#_ ___l e__ i_ t__ __a_ __#___ _#_ f____.,Fun Facts
Music - 17,Jimi Hendrix could play complex guitar solos with his teeth and behind his head.,____ _______ _#_@_ ____ @______ _#__#_ ___@_ __t_ _#_ __@__ a__ b___#_ @__ h___.,Fun Facts
Music - 18,Loud background music encourages restaurant patrons to consume food much faster.,____ _______#__ _#__@ e_________ __#____#__ p_____s @_ c@_____ @___ ___h _@_#__.,Fun Facts
Music - 19,Mozart wrote his very first symphony when he was only eight years old.,___#__ _____ ___ _#__ ____@ _@__#__@ w___ _e _a_ __#_ _#___ y___@ @__.,Fun Facts
Music - 20,Chirp sounds from crickets change pitch depending on local ambient temperatures.,_____ _#____ ____ ___@____ __@_#_ _____ ____@__#_ __ ___#_ a______ t_@_@r___#__.,Fun Facts
Music - 21,Vinyl records reproduce warm analog sound waves that digital files often compress.,___@_ ___@___ _#___@___ ____ ___#__ s____ ___@_ t___ ___#___ ___#_ ___#_ _o__@___.,Fun Facts
Music - 22,The term piano is short for pianoforte which means soft and loud in Italian.,@__ _#__ _#_@_ __ _____ _#_ _@________ __@__ ___n_ _o_@ a__ __#_ i_ _#_____.,Fun Facts
Music - 23,Groove rhythm naturally compels human bodies to move and dance to the beat.,____#_ ______ __#__#__y ______@ @__#_ b_____ t_ _#__ _n_ _@_@_ __ @__ _e__.,Fun Facts
Music - 24,Whales create complex songs that travel thousands of miles through ocean waters.,_#____ ______ c______ _#___ _#__ ___#__ ____#_n__ _f ___@_ _@___@_ o__@_ ___@__.,Fun Facts
Music - 25,Listening to favorite tunes releases dopamine similar to eating fine chocolates.,_#__@____ __ _#____#_ __@__ r_______ @__a_#__ s______ @_ __t___ ___@ ch__o_#___.,Fun Facts
Music - 26,A conductor uses a wooden baton to keep complex orchestral timing synchronized.,_ _________ __@_ a w_____ _#_@_ _o _#__ c__#___ __#_______ ___#__ _@_@_______@.,Fun Facts
Music - 27,Music therapy helps stroke victims regain lost speech and motor movement abilities.,_____ ____@_@ _____ ______ ____@__ @___in l___ ___#__ _#_ @____ _#__#___ a____#___.,Fun Facts
Music - 28,The Beatles used backward recorded audio tracks on several famous studio albums.,___ _#_____ ____ _#___@__ _@_@_d__ _@___ t_____ o_ __#____ ___#__ ___#__ _l@___.,Fun Facts
Music - 29,Certain musical chords can trigger intense chills down your spine instantly.,_______ _@___#_ ____#_ c__ ___@___ _____s_ ___@__ _#__ y___ @__#_ @____#___.,Fun Facts
Music - 30,Film scores utilize subtle audio cues to manipulation emotional responses in viewers.,_#__ ___@__ _______ ___t_@ ___#_ @__s __ _______#__@_ _____#___ r________ i_ __@_#__.,Fun Facts
Music - 31,High pitched music makes sweet flavors taste stronger and much more pronounced.,____ _____#_ m____ @____ _#___ __#____ @____ ___#___@ _@_ ___h ____ ____o_#_@_.,Fun Facts
Music - 32,Low frequency bass notes cause physical vibrations you feel inside your chest.,___ _#__#____ ____ _@___ ___#_ _@_s____ _@________ y__ __@l _n__@_ _#__ __#__.,Fun Facts
Music - 33,Opera singers can break crystal glassware by matching its natural resonance frequency.,_____ _______ ___ _#___ _@_@___ __#______ __ ____#___ i__ __#____ __#_na__@ _r__@___@.,Fun Facts
Music - 34,The first song ever broadcast from space was Jingle Bells played on a harmonica.,___ @____ @___ _#__ __#___#__ _@__ _@___ _#_ J_____ _e___ p_____ _@ a __#_o_i__.,Fun Facts
Music - 35,Finland has more heavy metal bands per capita than any other country globally.,_@_____ _@_ ___@ _#___ ___a_ __#__ _e_ @___#_ t___ __y o____ _#__@__ ___#____.,Fun Facts
Music - 36,Synthesizers allowed musicians to generate entirely new electronic soundscapes.,__#____@____ _#___#_ _______@_ t_ _#___a__ e_______ n__ _______@__ s_@___#_@__.,Fun Facts
Music - 37,Lullabies help soothe restless babies by mimicking the rhythm of a heartbeat.,_________ @___ ____he _#___#__ _@_#__ b_ _______@_ t__ __#__@ @_ a ___#_____.,Fun Facts
Music - 38,Music education enhances linguistic processing and foreign language acquisition.,_____ e________ __@_@_#_ @______t__ _____s_#__ _#_ @______ __@__#__ _________#_.,Fun Facts
Music - 39,The sound of rain creates natural pink noise that helps people fall asleep fast.,___ ___#_ __ r___ @____#_ ____@__ _@__ ___se _#__ __#__ ____#_ ___@ __l@__ ___t.,Fun Facts
Music - 40,Jazz music relies heavily on spontaneous improvisation between all ensemble players.,____ __#__ _____@ @___#__ o_ ____#______ ___#_v__@____ b______ a__ _#____@e ____@__.,Fun Facts
Music - 41,Harmonica is officially the best selling musical instrument across the entire world.,____#__@_ __ __________ ___ __#_ ______@ _#_@___ i_____@___ ___#__ t__ _#___@ w____.,Fun Facts
Music - 42,Listening to sad songs can paradoxically make people feel comforted and happy.,_______#_ __ ___ __@__ _#_ _#___@____#_y _@_@ p___#_ f___ _o______@ a__ h____.,Fun Facts
Music - 43,Different musical scales evoke distinct emotional reactions in various cultures.,______@__ _____#_ s_____ ___#_ d_______ ______@a_ __#__#___ i_ __#_ou_ @__@___@.,Fun Facts
Music - 44,Microtonal music utilizes tiny interval spaces between standard piano keys.,__#___#___ @__@_ ____#___ __#_ i_______ s__@__ @______ _____#_d p____ _@__.,Fun Facts
Music - 45,Pigeons can learn to distinguish between classical composers like Bach and Stravinsky.,_______ _#_ _#___ __ ________i_@ @______ __#_@__#_ __#______ l___ B___ @_d _@________.,Fun Facts
Music - 46,Stradivarius violins owe their rich sound quality to dense antique spruce wood.,___#____#___ __#___@ __@ _#___ _@__ ____@ _______ __ d____ ____@__ s_#___ wo__.,Fun Facts
Music - 47,Silence between musical notes is just as important as the notes played themselves.,____@__ _#____@ ____#__ __@__ _@ __@_ __ __#______ a_ t__ __#__ _#____ ______l___.,Fun Facts
Music - 48,Video game soundtracks are crafted to enhance focus without causing distraction.,___#_ ____ ____@_#____ _@_ __@_#__ t_ ___a__e __#__ w______ ____#__ ___@_@_____.,Fun Facts
Music - 49,Rhythmic drumming has been used for millennia in sacred healing ceremonies.,____#__@ ________ @__ ____ u___ __@ ____@_#__ i_ _#__ed __#____ ____@__#__.,Fun Facts
Music - 50,Music is a universal human language that transcends all cultural boundaries.,___@_ __ _ _______#_ __@__ _a__#__@ ___@ _r__#____s ___ ___#____ _@__#_____.,Fun Facts
Dinosaurs - 1,Some dinosaurs were no bigger than a modern chicken in overall size.,__#_ @__@_#___ _@__ n_ b_g___ t_#_ a @_____ __i_#__ __ _@__#__ s___.,Fun Facts
Dinosaurs - 2,"Dinosaurs first appeared during the Triassic Period, over 230 million years ago.","@________ _____ __#_____ ___#__ _#_ ____@_@_ ____o_, _@__ 230 __#__#_ _@___ a__.",Fun Facts
Dinosaurs - 3,Dinosaur fossils have been found with preserved stomach contents inside them.,____#__r f_#____ _#__ __#_ ____@ w___ __#______ _@___c_ @___@___ i_____ ___@.,Fun Facts
Dinosaurs - 4,Tyrannosaurus rex lived closer to humans than it did to Stegosaurus.,@__#__#____#_ @__ _____ ______ t_ h_____ _#__ _@ __d __ S_@__@__#__.,Fun Facts
Dinosaurs - 5,Brachiosaurus had nostrils positioned near the top of its head.,__#__@__a_#_s _@_ __#_____ ____t___#_ ___@ _#_ ___ _@ @__ _e__.,Fun Facts
Dinosaurs - 6,Ornithomimus looked remarkably similar to a modern ostrich in shape.,__#___@__#__ ___#__ _@____@___ ___#___ __ a m__#__ o____@_ @_ s____.,Fun Facts
Dinosaurs - 7,Some dinosaur footprints show that groups may have traveled together.,__@e ___@__@_ ____#_____ _#__ _#__ ____@_ ma_ ____ _#__#__d _o____@_.,Fun Facts
Dinosaurs - 8,Duck-billed dinosaurs had complex teeth for grinding plant material.,@___-____@_ ___#__@__ _a_ _@__#__ ___#_ f__ ___#___g p____ __@___#_.,Fun Facts
Dinosaurs - 9,Dinosaur bones can become fossils when minerals slowly replace them.,__#___#_ __#__ __@ ______ @__@___ w___ ___#__l_ __@_#_ r____c_ ___@.,Fun Facts
Dinosaurs - 10,Stegosaurus had a brain that was surprisingly small for its body.,___#_____#_ ___ a _@_#_ t_@_ _#_ __@_________ s____ @__ _#_ @_d_.,Fun Facts
Dinosaurs - 11,Spinosaurus may have spent much of its life hunting near water.,___@____@__ __@ __@_ __#__ _#__ o_ _@_ _i__ __n__#_ __#_ _#___.,Fun Facts
Dinosaurs - 12,Many dinosaurs laid eggs in nests and may have guarded their young.,__#_ _@_______ __#_ _@__ _@ _#__s _@_ __y h___ _u___#_ ___#_ @__n_.,Fun Facts
Dinosaurs - 13,Dinosaur fossils have been found on every continent on Earth today.,________ ____#__ ____ _#__ ____@ _@ _v_#_ c_#_i_@__ o_ _#_@_ ____@.,Fun Facts
Dinosaurs - 14,"Birds are living dinosaurs, descended from a branch of theropods.","__#__ _#_ _@____ ___@____s, ___#__@e_ _#__ a _r____ o_ __#__@_@_.",Fun Facts
Dinosaurs - 15,"Dinosaur eggs came in many shapes and sizes, depending on the species.","_#______ _g__ ___@ _@ m___ _____@ __d ___#_, @___#____ on _#_ _@_#___.",Fun Facts
Dinosaurs - 16,Some dinosaur species lived in what is now the Arctic region.,__#_ di__s@__ _____#_ _@_#_ _@ w___ __ n__ __@ ____#_ @__#__.,Fun Facts
Dinosaurs - 17,"Mosasaurs were not dinosaurs, but giant marine reptiles.","__#_@__r_ __#_ __@ __#___#__, _u_ g____ ____@_ @_@__#__.",Fun Facts
Dinosaurs - 18,"Theropods included many meat-eating dinosaurs, such as T. rex.","_@___@_#_ _#__@_#_ ____ @___-__t___ _@____#_s, __#_ a_ _. r__.",Fun Facts
Dinosaurs - 19,Some dinosaurs had excellent eyesight that helped them hunt or avoid danger.,____ ___@_____ @__ ____#__#_ _#__#___ ___@ __@___ t___ h___ o_ _#__d ____@_.,Fun Facts
Dinosaurs - 20,Mosasaurus had powerful jaws that could crush giant sea turtles,_____#__#_ _@_ ___#____ j___ _#__ __@__ @____ @___t _#_ _u@____,Fun Facts
Dinosaurs - 21,Stegosaurus plates may have helped with display and body temperature.,______@_@__ ______ _@_ __#_ _#___@ __#_ _____#_ a@_ b___ ___#___t__e.,Fun Facts
Dinosaurs - 22,Some dinosaurs had extremely long tails that helped balance their bodies.,_@__ ____#____ _@_ _@___#___ @___ __#__ ___@ _#____ __la___ __e__ b_#___.,Fun Facts
Dinosaurs - 23,The word dinosaur means "terrible lizard" in ancient Greek language.,__@ ____ ____#___ _____ "__r_#_@_ __@_#_" i_ _nc__#_ _@_#_ l____@_e.,Fun Facts
Dinosaurs - 24,Ankylosaurus could use its tail club as a powerful defensive weapon.,_#___#______ _@___ __e _#_ _@__ c___ a_ _ _#______ ______@_@ @___#_.,Fun Facts
Dinosaurs - 25,Ankylosaurus had a heavily armored body and a powerful tail club.,______#__#__ h__ a __@_#__ ______@ bo__ _@_ _ _#_@___@ t_#_ ____.,Fun Facts
Dinosaurs - 26,Some dinosaurs could walk on 2 legs and switch to 4 when needed.,__#_ @__#____@ _____ __@_ __ 2 l___ _#_ __#_@_ t_ 4 __@_ n_#_e_.,Fun Facts
Dinosaurs - 27,Fossilized dinosaur skin has been discovered in several different species.,_______#__ _____@_r _#__ __@ ___n _@_@__#___ i_ _#___a_ ______#__ ____@__.,Fun Facts
Dinosaurs - 28,Some dinosaurs had feathers long before the first birds evolved.,S_#_ ___@_____ _#_ ____#___ @_n_ b__#__ _@_ _@___ __#__ __o__@_.,Fun Facts
Dinosaurs - 29,Sauropods included some of the largest animals ever to walk on land.,___#____@ _#___#__ __@_ __ _#_ ____@__ _____#_ @___ _o __@_ _n l___.,Fun Facts
Dinosaurs - 30,Some dinosaurs may have used feathers to keep their bodies warm.,__#_ @____@_#_ __@ ____ __@_ f_#_____ t_ _e__ __#__ _#_@__ w__m.,Fun Facts
Dinosaurs - 31,Some dinosaurs had hollow bones that helped reduce their body weight.,_#_e _i@______ @__ __#___ ___@_ t___ __#__d ______ _@___ __#_ __#_@_.,Fun Facts
Dinosaurs - 32,Some dinosaurs swallowed stones that may have helped grind their food.,_#__ _____#___ __#_@____ _#_@__ ___@ ___ h___ _#___d @____ t____ ___@.,Fun Facts
Dinosaurs - 33,"Pachy dinosaurs had a thick, dome-shaped skull.","__@_@ ___#_a_#_ h_@ _ _@___, __#_-@___#_ s_#__.",Fun Facts
Dinosaurs - 34,Dinosaur footprints can reveal how fast some dinosaurs once moved.,_@____#_ @_o__@_#__ c__ _#_e__ __w _a__ __m_ _i___#_@_ ___@ __#__.,Fun Facts
Dinosaurs - 35,"Triceratops had three horns and a large, bony frill behind its head.","_@_#_____@_ ___ __#__ _#___ _@_ a ____@, b_#_ f_@__ ______ i__ _#__.",Fun Facts
Dinosaurs - 36,Triceratops had a massive skull that could reach over 2 meters long.,_____#_@___ ___ a ___#__@ __#__ _@__ c__#_ r___h _#__ 2 ___@_@ l_n_.,Fun Facts
Dinosaurs - 37,Spinosaurus had a tall sail rising along the middle of its back.,___________ ___ a __#_ s__@ @___#_ ___#_ _@_ __@_#_ @_ it_ _#__.,Fun Facts
Dinosaurs - 38,"The extinction asteroid struck Earth about 66 million years ago, near Mexico.","__@ @_______@_ __@_#___ _@_#__ ___#_ __#__ 66 _______ _____ a__, n_#_ ___i__.",Fun Facts
Dinosaurs - 39,"Diplodocus had an extremely long neck and a long, whip-like tail.","___#__#___ ___ a_ _x@______ l@__ _#__ _@_ _ __#_, ___@-__#_ __@_.",Fun Facts
Dinosaurs - 40,Hadrosaurs had hundreds of teeth packed tightly into their jaws.,_#__#__#_s h__ _______@ _@ @__@_ __c___ _#____y _#__ ___@_ __w_.,Fun Facts
Dinosaurs - 41,Some dinosaur nests contained dozens of eggs arranged in circular patterns.,_#__ _@__@___ __#__ __#___@__ ______ o_ ___s a_@_____ _n ______#_ __#____@.,Fun Facts
Dinosaurs - 42,Diplodocus had peg-like teeth suited for stripping leaves from plants.,_#_______@ @__ p__-_#__ _@__h __@___ f@_ ____#___g __#___ ____ ___#__.,Fun Facts
Dinosaurs - 43,"Parasaur dinosaur had a long, hollow crest that may have made sounds.","_@___#__ _____#__ _#_ a _@_g, h_____ c__#_ _#__ ___ ___@ ___e @_@___.",Fun Facts
Dinosaurs - 44,"Compy dynosaur was about the size of a small, modern cat when young.","_#_@_ _#______ ___ _b___ t__ __#_ o_ a _@_@_, _#____ @__ _#__ _@___.",Fun Facts
Dinosaurs - 45,Dinosaurs lived on Earth for more than 160 million years overall.,__@_@_#__ @____ _@ _____ _#_ __@_ t___ 160 _#___#_ _e___ o____#_.,Fun Facts
Dinosaurs - 46,Velociraptor was much smaller than the dinosaurs shown in movies.,_____@r__t__ __@ __#_ ___#___ ____ __e __#_@__@_ __#__ @_ __#___.,Fun Facts
Dinosaurs - 47,T. rex had one of the strongest known bites among land animals!,_. @__ _@_ ___ @_ _#_ ____#____ k____ __#_s a_#__ @__@ __#____!,Fun Facts
Dinosaurs - 48,Carnotaurus had tiny arms and 2 large horns above its eyes.,_#_n_______ _#_ @__y __@_ _#_ 2 l___@ __@__ __#__ _#_ @___.,Fun Facts
Dinosaurs - 49,Argenti dinosaur may have weighed more than 60 tons when fully grown!,____#_i ___#__u_ _#_ _#__ _e____@ _@__ @___ 60 __@_ __@_ _#___ ___w_!,Fun Facts
Dinosaurs - 50,The asteroid impact ended the reign of non-bird dinosaurs about 66 million years ago.,___ ____#___ _#__#_ _____ __@ _____ __ _o_-b___ __#____@_ @__#_ 66 @____@_ _e_r_ a__.,Fun Facts
Insects - 1,Ants can carry objects many times heavier than their own body weight.,_n__ _#_ @__r_ ___@_#_ m___ _#__@ h____#_ ___@ t__i_ o__ b__y _#___@.,Fun Facts
Insects - 2,Bees can recognize human faces using patterns of light and dark shapes.,__#_ ___ _#_@_____ _____ ___#_ _____ __#_@___ __ @__#_ a__ d_@k __@___.,Fun Facts
Insects - 3,Butterflies taste with their feet to find suitable plants for their eggs.,__#___f_#__ t____ _@__ __@_r _#__ __ @___ ______l_ ____@_ _#_ @____ __#_.,Fun Facts
Insects - 4,Dragonflies can fly backward and change direction almost instantly.,_____#_____ _@_ f_@ b_______ __@ _@_n__ __@_#____ ____#_ i__#__#_y.,Fun Facts
Insects - 5,Some ants farm fungi underground as their main source of food.,__@_ __@_ __#_ f__@_ _#____r__#_ @_ ___#_ m___ _o__#_ __ @___.,Fun Facts
Insects - 6,Fireflies produce light through a chemical reaction inside their bodies.,_@_____#_ ____#__ _@___ ____#__ _ c_______ r_#_@_@_ __@__e ___i_ _#____.,Fun Facts
Insects - 7,Houseflies taste food using sensors located on their feet.,__#____#__ _____ _@__ _#_@_ sen_#__ l__#___ o_ _h__@ @__@.,Fun Facts
Insects - 8,Beetles make up the largest group of insects known to science.,_#__@__ ____ __ t__ __@_#__ g__#_ o_ ___#__@ ___w_ @_ ___@_#_.,Fun Facts
Insects - 9,Grasshoppers can jump many times their body length in a single leap.,______@_@_@_ __@ _#__ _#__ ____@ _h___ __#_ ___#__ i_ a ____#_ l___.,Fun Facts
Insects - 10,Some insects can survive being frozen and later become active again.,____ _______ c__ su_#_@_ b____ ____@_ _#_ __@__ __@_#_ ___#__ @__#_.,Fun Facts
Insects - 11,Moths use the Moon and stars to help navigate during nighttime flights.,___#_ ___ ___ _#__ _@_ __#__ __ h___ @_@___#_ ___#__ ____@___@ _____t_.,Fun Facts
Insects - 12,Male mosquitoes usually eat nectar while females often drink blood.,__#_ __@_@_____ ___#___ e__ _#___@ w@__@ f______ ___#_ _#__k b____.,Fun Facts
Insects - 13,Termites build tall nests that can contain millions of individual insects.,___#____ _____ __@_ _@_t_ __#_ c__ ___#___ m____@__ _@ _#_____u__ _#____@.,Fun Facts
Insects - 14,Praying mantises can turn their heads much farther than humans can.,_#__#__ _@___#__ ___ __r_ _@___ _@___ _@_h _@___#_ _#__ ______ c__.,Fun Facts
Insects - 15,Ladybugs release a yellow liquid when they feel threatened by predators.,________ ___#___ _ _@__#_ ____i_ _@__ __@_ fe__ __r__@_#__ b_ _@__#__#_.,Fun Facts
Insects - 16,Some ants use their own bodies to form living bridges over gaps.,_#__ ____ u__ _@_@_ __n _@_@e_ t_ _#__ @_____ b_#__#_ ____ __#_.,Fun Facts
Insects - 17,Dragonflies have huge eyes that cover much of the surface of their heads.,_____#__#__ ____ __@_ _@__ __#_ _#_@_ ____ o_ t__ @______ __ _#__@ ____s.,Fun Facts
Insects - 18,Bees communicate food locations using movements known as the waggle dance.,__#_ _#____ic@__ @___ ____#____ __#_g __#_@____ @____ a_ _@_ ______ __n__.,Fun Facts
Insects - 19,Some beetles can lift objects many times heavier than their own bodies.,____ __#____ c__ ___@ ____#__ _a__ @__#_ _@__#__ __#_ _@___ __@ b_d___.,Fun Facts
Insects - 20,Walking sticks can look so much like branches that predators miss them.,_#_____ __#___ ___ ____ s_ ___@ __#_ _#___h__ ___@ _@___#__@ ___@ ___m.,Fun Facts
Insects - 21,Butterflies have tiny scales covering their wings that create their colors.,__#________ __#_ ____ _____s c@____#_ _@_@_ ___#_ t___ ______ _#___ @__@__.,Fun Facts
Insects - 22,Cockroaches can live for weeks without food under certain conditions.,__@______@_ ___ l___ _@_ w____ __#__@_ _o__ _#___ __#___n _#__#___@_.,Fun Facts
Insects - 23,Some insects breathe through tiny openings called spiracles along their bodies.,__@_ _#_____ _@_____ t_r____ ____ o_e__@__ ____#_ _#___#___ @____ _@___ __#___.,Fun Facts
Insects - 24,Ant colonies can have several queens depending on the species.,_#_ _#______ ___ h___ ___@_@_ q_#___ __#__@_ng @_ @__ ___#___.,Fun Facts
Insects - 25,"Bees have five eyes, including three tiny eyes on top of their heads.","__e_ __#_ __@_ __@_, __#__#___ __r__ _@_@ _#__ @_ t__ of ___i_ _#___.",Fun Facts
Insects - 26,Some caterpillars produce sounds to communicate with nearby individuals.,__@_ ______#___@_ @____c_ @__#__ t_ ___#_______ @___ n_____ __#__#__a__.,Fun Facts
Insects - 27,Scorpions are not insects because they have eight legs instead of six.,_#___@_@_ ___ __@ _______ __#___e __#_ @___ ___ht __#_ _____#_ o_ __@.,Fun Facts
Insects - 28,Mayflies spend most of their lives underwater before becoming adults.,__#___@_ __#__ ___@ __ __e__ __@_@ __#___#__r b_____ _____@__ __#_t_.,Fun Facts
Insects - 29,Some insects mimic ants to avoid predators that would normally attack them.,_#__ _______ ___@_ ____ __ __@_d @__#___@_ _@__ w____ __#___#_ __#___ __e_.,Fun Facts
Insects - 30,Bombardier beetles can spray a hot chemical mixture at attacking predators.,____#_@___ ___@__@ ___ _#___ _ ___ c_____@l m_#__r_ a_ ________@ __#___#__.,Fun Facts
Insects - 31,Some termites use vibration signals to warn their colony of danger.,_#__ __@_____ ___ ___@_____ __#__l_ t_ w_#_ __#_r __@_@_ o_ _#_@__.,Fun Facts
Insects - 32,Praying mantises use their powerful front legs to capture prey quickly.,__#__#_ ________ ___ __#__ __@e_#__ __@__ @___ t_ c__#___ p___ ___@_@_.,Fun Facts
Insects - 33,Dragonfly larvae live underwater and hunt small aquatic animals.,__#____#_ _____@ __v_ _#___#____ _#_ __nt s_@__ __@__@_ __@____.,Fun Facts
Insects - 34,Some butterflies migrate thousands of miles between seasonal habitats.,_#__ _@____f__@_ m______ @____@n_s __ ___#_ _#__#__ __a__#__ _______@.,Fun Facts
Insects - 35,Ants can use scent trails to guide other workers toward a food source.,____ @__ ___ __#__ ____l_ t_ @_@_e _#__@ __#___s _____@ a __#_ _#____.,Fun Facts
Insects - 36,Bees can flap their wings around two hundred times every second.,____ ___ ____ _#_@_ w____ _#__@_ ___ @__#_@_ t__#_ _v__@ se__#_.,Fun Facts
Insects - 37,Some insects have transparent wings that help them blend into their surroundings.,__#_ @__#___ __#_ ___________ _____ @___ h___ @___ _l_@_ _n_o t____ ___@_#__#___.,Fun Facts
Insects - 38,Stick insects can regrow lost legs while they are still immature.,_#___ _#_____ ___ @___@_ l___ _#__ _#_@_ __@_ a__ _t__@ ___#____.,Fun Facts
Insects - 39,Certain beetles can navigate using the Milky Way on clear nights.,_@_____ __@____ _#_ @_______ ___#_ t__ M_@_y _#_ _n _#_a_ @__#__.,Fun Facts
Insects - 40,Some insects use camouflage that makes them look like leaves or flowers.,_@__ ____#__ __@ _____#__#_ t___ _@___ __@_ _#__ __#_ _@a_e_ o_ _______.,Fun Facts
Insects - 41,Butterfly wings are covered with thousands of overlapping microscopic scales.,_@_#____@ _____ a__ ____#__ __#_ @__#___d_ o_ @________#_ _______@___ s_____.,Fun Facts
Insects - 42,Ants have no lungs and breathe through tiny openings in their bodies.,@___ ___@ __ _#___ ___ __@_t_e ___#__h @__y _#_@__#_ i_ _____ __#___.,Fun Facts
Insects - 43,Some wasps lay their eggs inside other insects for their larvae to eat.,____ ____s _@_ _he__ _#__ __@___ __#_r _@___#_ f__ @__#_ ___#__ _@ ___.,Fun Facts
Insects - 44,Fleas can jump over 100 times their own body length in one leap,_____ _#_ _@_@ @___ 100 __#__ ___@_ _#_ _o__ _#__@_ i_ ___ _#_p,Fun Facts
Insects - 45,"Many insects undergo metamorphosis, changing dramatically during development.","____ @__#___ __@____ _#_____@__#__, _____i__ _____#_c___@ d_____ ____#_p___@.",Fun Facts
Insects - 46,Some beetles communicate by tapping their heads against wooden surfaces.,___@ __#____ __#______#_ b_ ___#__@ t____ @____ a____s_ ___@__ @____#__.,Fun Facts
Insects - 47,Dragonflies have been flying around Earth for more than 300 million years.,__@_@______ __#_ ____ __#___ __@_@_ _#___ _#_ _o__ t___ 300 _____#_ _@a__.,Fun Facts
Insects - 48,Some ants protect aphids because they collect sweet honeydew from them.,__@_ ____ ____e__ _#__#_ __@_u__ t___ ____#__ ___#_ @_______ @_@_ __#_.,Fun Facts
Insects - 49,Male cicadas can produce extremely loud sounds to attract mates.,@__@ _#__#__ ___ p@_d@__ _____#___ _#__ ____#_ @_ ___r___ m____.,Fun Facts
Insects - 50,Some insects survive by pretending to be dead when predators approach.,____ _@__#__ ____#__ __ __e__@__#_ t_ __ @_a_ __#_ __@_____@ ___r__#_.,Fun Facts
Food - 1,Bananas are naturally radioactive because they contain potassium 40.,_#_@_a_ _r_ @_____l_y _____@_#_v_ _@___s_ _#__ _@____n _#__#___m 40.,Fun Facts
Food - 2,Honey can remain edible for thousands of years when sealed properly.,_#___ ___ _____@ __#_@_ _#_ ____@___@ o_ ___#_ w___ _e____ _#_@____.,Fun Facts
Food - 3,"Carrots were originally grown in purple, yellow, white, and red varieties.","__#____ ____ __i______@ _@__@ __ _#____, __#_@_, w___e, a__ _#_ __@__#___.",Fun Facts
Food - 4,Apples float in water because about a quarter of their volume is air.,_#__@_ @____ @_ _____ ____#__ a____ _ ___#_e_ _@ _#__r ____#_ i_ __@.,Fun Facts
Food - 5,"Peanuts are legumes, making them more closely related to beans than nuts.","_#__#__ __@ ___@___, _____@ __e_ @___ __#____ __#____ @_ _#___ th__ n___.",Fun Facts
Food - 6,"Avocados are technically fruits, and botanically they are single seeded berries.","_#______ ___ @____#____@ ____@_, a__ __t_#______ __#_ ___ _@____ _#___@ ____i__.",Fun Facts
Food - 7,Chocolate was once used as a form of currency by the ancient Aztecs.,_#_______ __s ___e @___ _@ a f___ o_ @_@___#_ @_ _#_ __#____ __#_c_.,Fun Facts
Food - 8,Potatoes were the first food planted and grown in space by astronauts.,__#_____ __@_ t__ _#_@_ _#__ ___#___ a__ _#___ _@ s____ b_ _@__@_____.,Fun Facts
Food - 9,Fresh cranberries can bounce because they contain small air pockets.,_@___ _@_#_______ _#_ ______ @__#__@ t___ __n____ _#__@ a__ __c_#__.,Fun Facts
Food - 10,Guavas contain more vitamin C than oranges and help support immunity,_#____ _____#_ ___@ ___#___ _ ____ @____@_ a__ __#_ @___@r_ __m_#_t_,Fun Facts
Food - 11,Popcorn kernels pop because water inside them turns into expanding steam.,_____@_ _____@_ ___ _#___#_ ____@ _#____ @___ _ur_@ i___ _____#___ ___#_.,Fun Facts
Food - 12,Unlike most vitamins fruits are not natural sources of vitamin D.,_@_#__ __@_ v_______ ____@_ @__ no_ __#_r__ _#__#__ _@ __#____ D.,Fun Facts
Food - 13,Vanilla comes from an orchid species that produces long green seed pods.,__#__#_ _#___ ____ _n @_____ __@_@__ t___ _r_#____ l___ __#__ ___@ _@__.,Fun Facts
Food - 14,Salt was once so valuable that Roman soldiers were sometimes paid with it.,____ _@_ _#__ __ ___#__l_ @_@_ ___#_ ___@i___ w___ _#__#____ p___ ___@ __.,Fun Facts
Food - 15,Broccoli and cauliflower are both cultivated varieties of the same plant species.,_#__#___ ___ __#_____#__ ___ ____ @__tiv____ ________@ o_ ___ s___ __@_@ ___@_#_.,Fun Facts
Food - 16,Coffee beans are actually seeds found inside the fruit of coffee plants.,____#_ _#___ @__ a_#__@__ _#___ _@___ __s_#_ t__ _r___ o_ __f_@_ _@_n__.,Fun Facts
Food - 17,"Cheese can be made from the milk of cows, goats, sheep, and buffalo.","__#_@_ ___ __ m___ __@_ __@ __#_ o_ _#__, _@___, s_#__, _#_ @____l_.",Fun Facts
Food - 18,Watermelons were grown in ancient Egypt thousands of years ago.,__#_____o_@ _#__ __#__ i_ __@_e_@ __#__ ___#__n_@ _f _@___ a__.,Fun Facts
Food - 19,"Almonds are seeds from a fruit, making them botanically related to peaches.","__#____ ___ _____ _@__ _ _#__t, _a__#_ __#_ _____@__@__ __@____ __ __@_#__.",Fun Facts
Food - 20,"Mustard seeds can be yellow, brown, or black depending on the plant variety.","____@__ __@__ ___ @_ __#___, __#__, __ b____ ____#__n_ o_ __@ __#__ _#__@__.",Fun Facts
Food - 21,Rice is a staple food for more than half of the worlds population.,@___ __ _ _#__#_ ___@ __r ___@ t___ _#__ @_ _#_ w_____ p___#____@.,Fun Facts
Food - 22,Egg yolks get their color from pigments found in the hens diet.,___ __#__ _#_ ___#_ __#__ _@__ __@___@s ___@_ i_ t__ _e@_ _#__.,Fun Facts
Food - 23,Maple syrup is made by boiling sap collected from certain maple trees.,_____ @____ i_ _#_e _@ _#__#__ _a_ _______@d __#_ __#___@ ____@ t___s.,Fun Facts
Food - 24,Yogurt is created when beneficial bacteria ferment sugars in milk.,_#__@_ __ ______@ _#__ ___#_i____ ____#_@_ ___#___ s_@_r_ __ @___.,Fun Facts
Food - 25,Garlic contains sulfur compounds that create its strong smell and flavor.,_@_@_c ____#___ __@_#_ _______@_ _@__ __#_t_ ___ ___o__ ___#_ _n_ __#__r.,Fun Facts
Food - 26,Chili peppers feel hot because capsaicin activates heat sensing receptors.,_____ @______ f___ __t ___@___ c_#___#__ @______#_ _#__ __@___g @____#___.,Fun Facts
Food - 27,Cashews grow attached to the bottom of a fleshy fruit called a cashew apple.,___#___ __#_ _@____#_ __ ___ __#___ __ _ _____y _@_@_ _#__@_ a __s_e_ __@__.,Fun Facts
Food - 28,Figs contain tiny flowers that bloom inside the fruit rather than outside.,F___ ___#___ __#_ __@____ ___t _@_o_ __@___ _#_ ____@ __#___ ___@ __#____.,Fun Facts
Food - 29,Traditional balsamic vinegar can take many years to become fully aged.,__#__@_____ _#__#__@ _____@_ ___ _@__ __@_ _____ t_ ____#_ f__#_ a___.,Fun Facts
Food - 30,"Peaches, plums, cherries, and apricots all belong to the same fruit family.","@____@_, ___#_, _@______, ___ a_____#_ ___ __#___ t_ _#_ s___ @___@ f___#_.",Fun Facts
Food - 31,Blue cheese gets its blue veins from specially selected species of mold.,____ ____#_ @___ i__ ___@ _#___ __o_ __#___l__ _#______ @__#_@_ __ m_@_.,Fun Facts
Food - 32,Olive oil can vary in flavor depending on the olive variety and harvest time.,_____ ___ _#_ @___ __ _____@ _@___#_n_ o_ _#_ _l___ __#___@ _#_ @______ t___.,Fun Facts
Food - 33,Black pepper comes from dried berries that grow on a climbing tropical vine.,_@___ ______ ___#_ _#__ __@__ __#____ __@_ ___@ o_ a ___@__#_ t_______ _#_e.,Fun Facts
Food - 34,"Coconuts are technically fruits called drupes, not true nuts.","___#__@_ _@_ _______a@__ _@_#__ c___#_ d__#__, _@_ tru_ _#_s.",Fun Facts
Food - 35,Tomatoes were once grown as ornamental plants in parts of Europe.,__#__@__ _#__ __#_ _____ _@ ___am____l _#_@__ _@ _@_#_ o_ __r___.,Fun Facts
Food - 36,Tofu is made by curdling soy milk and pressing the resulting bean curds.,__#_ __ ____ __ _#_d_#__ @__ _#__ a__ ___s___@ t__ _@__@__#_ __@_ c____.,Fun Facts
Food - 37,"French fries are not originally from France, despite their famous name.","___#__ ___#_ a__ n__ __@__#____ f___ _r____, _#__@__ __#__ __@__s _@_@.",Fun Facts
Food - 38,Yeast makes bread rise by producing carbon dioxide during fermentation.,_#___ _____ _____ _@__ _@ __#_u____ ___#_n _#_@__@ d_____ _#______@___.,Fun Facts
Food - 39,Peas are seeds that develop inside pods and belong to the legume family.,___@ ___ __@__ _#_t _@_____ __@_#_ __d_ a__ _e__#_ _o __@ __#___ __#___.,Fun Facts
Food - 40,"Some mushrooms can glow in the dark, just like some jellyfish.","__@_ @___#_@__ ___ _#__ i_ t__ @__k, __@_ _#__ s___ _#__#____.",Fun Facts
Food - 41,Pumpkins are fruits because they develop from the flowering part of a plant.,_____#__ @__ ____#_ @___@__ ____ ____#__ ___@ t__ _@____#__ __#_ o_ a p____.,Fun Facts
Food - 42,Turmeric gives many curries their bright yellow color and earthy flavor.,_u@___#_ _#_@_ m_#_ ___@___ _@e__ b_____ ____o_ ___#_ _@_ _#____ __a___.,Fun Facts
Food - 43,Wasabi served outside Japan is often made mainly from horseradish instead.,_@____ _#____ _@_@___ _#___ i_ __#__ _a__ __@nl_ _#__ _#__e_____h ___@___.,Fun Facts
Food - 44,Butter is made by churning cream until its fat separates from the liquid.,____#_ _@ __#_ _@ __@_____ __#__ @____ ___ f__ s__#___#_ ____ __@ __q___.,Fun Facts
Food - 45,Durian is famous for its strong smell and is restricted in some public places.,_@___@ __ @____@ ___ __@ ______ _#___ ___ _s _#_____#__ i_ ___e _#____ _l_#__.,Fun Facts
Food - 46,"Quinoa is a seed, even though it is commonly prepared and eaten like a grain.","___#__ __ _ ____, ____ @_____ _t i_ _@_#__#_ __@_#___ _@_ e____ _#__ a ___@_.",Fun Facts
Food - 47,Molasses is a thick syrup produced during the process of making sugar.,__@_____ @_ _ t____ _#___ p_______ _#___@ _#_ @____@_ _f _#____ _#___.,Fun Facts
Food - 48,Ripe pineapples do not continue to become sweeter after being harvested.,__#_ _@_#___#__ __ ___ _#__#___ _o b_____ s______ ____@ _____ _@_@_@___.,Fun Facts
Food - 49,"Nutmeg is a seed, while mace comes from the colorful covering around it.","____#_ __ _ ____, @__@_ __#_ _____ __@m t__ _#___#_l ___@_@__ _#____ i_.",Fun Facts
Food - 50,Caramel forms when sugar molecules break down and brown under high heat.,__@___@ @__#_ ___@ _#___ ____#____ _r___ ___n a__ __#__ @__e_ h___ _#__.,Fun Facts
Ancient History - 1,The Sumerians developed some of the earliest known cities in human history.,T__ ____r@__@ __ve_____ _#__ _@ _h_ __#___#_ _n_@_ ___i__ _@ __#__ __#____.,Fun Facts
Ancient History - 2,The ancient Romans built roads that connected cities across their vast empire.,___ ______@ _#__#_ _____ __#__ __@_ _#_______ __#__@ __@o__ t____ _@__ e_____.,Fun Facts
Ancient History - 3,The ancient Maya developed complex calendars based on careful observations.,___ ___@___ ____ _#____p__ @___#__ _____#___ _as__ o_ _#__#__ @____v@____@.,Fun Facts
Ancient History - 4,Ancient Greek theaters were designed so audiences could hear distant voices.,_@_#___ __@__ ______@_ ____ ___#__#_ __ @___#__e_ c____ __@_ _is_#__ ______.,Fun Facts
Ancient History - 5,"Japan's samurai followed a strict code called Bushido, meaning way of the warrior.","_____'_ ___#___ ___#____ a __@_c_ __@_ ______ B____#_, _____#_ __y @_ @__ _@__#__.",Fun Facts
Ancient History - 6,Ancient Romans sometimes used heated floors to warm wealthy homes.,______@ ____#_ s___t_#__ _@__ _____@ __@___ __ __#_ _#__@__ __#__.,Fun Facts
Ancient History - 7,"The Liberty Bell cracked while ringing, but the exact cause remains unknown.","__@ _______ B_#_ _@____d _h___ __#_i__, _#_ t__ ___c_ @_u__ _#__#__ _@__@__.",Fun Facts
Ancient History - 8,Cuneiform writing was pressed into wet clay using a wedge shaped tool.,______#__ _______ ___ _r____@ _#__ _#_ _@_@ __#__ a w____ s__#__ @__@.,Fun Facts
Ancient History - 9,The Indus Valley civilization had cities with planned streets and drainage systems.,___ _@___ _@___y ___#________ h__ _@____ ___@ ____#__ __@_#__ _#_ ___#____ s______.,Fun Facts
Ancient History - 10,Ancient Egyptians developed a writing system using hundreds of symbols.,_______ _____@___ _#_____#_ a @______ _#_@__ _@i@_ ___d____ o_ __#__#_.,Fun Facts
Ancient History - 11,Ancient Egyptians used a 365 day calendar based on the solar year.,___#___ _____#__@ _#__ _ 365 d__ ___@__@_ __#__ _@ t__ s_@__ __#_.,Fun Facts
Ancient History - 12,The Roman Empire once stretched across parts of Europe Africa and Asia.,__@ _#___ ___i__ @___ __r__@_#_ ___#__ _a__s _@ ___#__ ______ _#_ ___@.,Fun Facts
Ancient History - 13,Ancient Greeks studied geometry long before modern mathematics.,__@__#_ G_____ ____@_d _@_#__#_ l___ _____@ ___#__ __t___@__#_.,Fun Facts
Ancient History - 14,The ancient Greeks held the first Olympic Games in Olympia around 776 BCE.,___ _#__@__ @__#__ ____ t__ _#_s_ ______c _#_@_ i_ __@____ _@_#__ 776 B__.,Fun Facts
Ancient History - 15,Ancient people used sundials to estimate the time based on shadows.,______@ ___#__ u___ _#_@___@ t_ __#_____ __@ ____ ba___ _@ _#_d_#_.,Fun Facts
Ancient History - 16,Ancient Egyptians believed cats were sacred and associated them with gods.,_______ _#__@____ ____@_#_ _#__ @___ _#____ @_d ___#_i_@__ __e_ w___ g__s.,Fun Facts
Ancient History - 17,The Rosetta Stone helped scholars decipher Egyptian hieroglyphs.,__@ _____#_ _t__@ _#_p@_ _____#__ @_______ _#___#_n @__________.,Fun Facts
Ancient History - 18,Ancient Mesopotamians developed one of the earliest known writing systems.,___#___ @__@____#____ _@_____@_ ___ _f __@ _#____#_ _n_w_ __i__#_ s______.,Fun Facts
Ancient History - 19,The ancient Egyptians practiced dentistry and treated painful tooth problems.,___ __#_@__ _________ __a____#_ _@___@_@_ ___ t__#___ ___#___ _#__@ p_______.,Fun Facts
Ancient History - 20,Babylon was one of the largest and most influential cities of ancient Mesopotamia.,____#__ ___ _#_ @_ ___ __#____ _#_ _@__ ____@__@___ ______ o_ @____#_ M_s________.,Fun Facts
Ancient History - 21,Ancient Egyptians built boats from bundles of papyrus reeds.,_#____@ _#_____n_ _#__t __#__ ___@ _@_#_@_ o_ __@____ _e___.,Fun Facts
Ancient History - 22,The Code of Hammurabi is one of the oldest surviving written law codes.,_#_ ____ __ ____@____ __ _#_ __ t__ __#_@_ @__@__i__ __#__@n _#_ c____.,Fun Facts
Ancient History - 23,Spartans trained boys for warfare from a young age under strict rules.,_______@ __@___@ __@_ f__ ____a__ _@__ _ _#_n_ _#_ _#___ ____#_ __#_s.,Fun Facts
Ancient History - 24,Ancient Athens developed an early form of democracy for male citizens.,____#__ ___#__ @________ a_ __@_@ ___@ o_ _#__c____ _#_ __@e ____#___.,Fun Facts
Ancient History - 25,Ancient Egyptians often shaved their heads and wore wigs for practical reasons.,__@____ _____@___ __#__ ____e_ t____ __#__ a__ _o_@ wi__ f__ __#____#_ @__#__@.,Fun Facts
Ancient History - 26,Ancient Chinese bronze casting produced remarkably detailed weapons and vessels.,_______ ___#__@ _____@ c______ p_____#_ ______#___ @___@_#_ w____#_ __@ v______.,Fun Facts
Ancient History - 27,Archimedes developed machines and mathematical ideas that remain famous today.,_______d__ _________ __#_____ _#_ ___#____@___ __#__ _@_t _@m__@ _____@ _#___.,Fun Facts
Ancient History - 28,The Library of Alexandria became one of the ancient worlds great centers of learning.,___ ___#___ __ __@____#__ _#____ @__ __ t__ @____@_ _#____ g____ _@_____ o_ _e___#__.,Fun Facts
Ancient History - 29,The Great Pyramid of Giza was the tallest human made structure for centuries.,__@ _#___ _______ __ ____ w__ t__ _#__#__ _u_#_ ___@ _#__@____ _@_ @________.,Fun Facts
Ancient History - 30,Mongol warriors used horses so skilled riders could shoot arrows while riding.,____#_ _a______ __#_ _#____ s_ __@_#__ ____@_ _@___ __#__ @_____ __@l_ _i____.,Fun Facts
Ancient History - 31,Ancient Persian kings built an enormous road network across their empire.,_#_____ _@_____ __@__ _u___ a_ e_#__#__ __#_ ___#_@_ ______ _@__r _@____.,Fun Facts
Ancient History - 32,Ancient Sumerians used clay tablets to record trade and other transactions.,_#___@_ @_____@__ ____ __#_ _______ __ __c___ _#___ a__ o@___ @__n_#____#_.,Fun Facts
Ancient History - 33,The Terracotta Army was created to guard the tomb of China's first emperor.,_#_ _#________ ____ _@_ ___@___ @_ g____ _@_ ___@ o_ C_#__'s _#___ _#_____.,Fun Facts
Ancient History - 34,Alexander the Great created a huge empire before dying at only 32 years old.,_________ _@_ _#___ __#__#_ _ _uge ____#_ _@_o@_ ___@_ a_ _#__ 32 ___@_ ___.,Fun Facts
Ancient History - 35,Ancient Romans wrote messages on wax tablets that could be erased and reused.,___#___ ______ _____ ____#___ _@ _a_ @____t_ __@_ c__#_ b_ _#___@ @__ __#__d.,Fun Facts
Ancient History - 36,Ancient Romans used urine to help clean and whiten their clothes.,____e@_ __#__@ u__d __#__ t_ __#_ @__#_ _n_ __@___ ___@r ____#__.,Fun Facts
Ancient History - 37,Roman concrete could become stronger when exposed to seawater over time.,___@_ ___#____ __@__ b_@_#_ s_r_@___ __#_ ______@ t_ _____#__ _#__ _i__.,Fun Facts
Ancient History - 38,The Persian Royal Road allowed messages to travel quickly across the empire.,_#_ _____@_ _____ R___ _____#_ ___@____ @_ _#____ ___#_@_ _c_#__ @__ _____e.,Fun Facts
Ancient History - 39,Chess evolved from an ancient Indian military strategy board game called Chaturanga.,___@_ __@__#_ ____ a_ @______ ___#__ __#___@_ s_______ ____d g___ ___#__ ___#____@_.,Fun Facts
Ancient History - 40,Ancient Rome had a massive stadium called the Colosseum for public events.,__#____ ____ @__ _ ____@_e _#___#_ ___l__ @__ _#_@_@___ f__ p_____ ____#_.,Fun Facts
Ancient History - 41,Vikings used crystal stones to help navigate on cloudy days.,_#___#_ u___ ______@ _@o___ __ _#__ _____#__ _@ _#_@_y __@_.,Fun Facts
Ancient History - 42,Some ancient Egyptian mummies were preserved for thousands of years.,____ _@_@___ _____#__ __#_i_@ w___ ______v__ f__ _@_#_a_#_ _@ _#__s.,Fun Facts
Ancient History - 43,The ancient Maya used cacao beans as currency in some regions.,_h_ _#__@__ _a__ ___@ _@__@ _@_n_ __ _#__#___ i_ __#_ r_#___s.,Fun Facts
Ancient History - 44,The ancient city of Pompeii was buried by Mount Vesuvius in 79 CE.,_@_ _#__@__ _#__ __ __#__#_ w__ __#___ @_ ___n_ _____i@_ _@ 79 C_.,Fun Facts
Ancient History - 45,The ancient Egyptians used honey as a sweetener and sometimes as medicine.,@__ _______ __@____#_ _@__ _____ a_ _ _#__#__#_ __@ ____t____ __ @_____#_.,Fun Facts
Ancient History - 46,The ancient Iron Pillar of Delhi has resisted rusting for over one thousand six hundred years.,___ _______ __#_ ______ @_ ____@ __@ @_______ _#__i__ f__ ___r o__ ___#____ _#_ ____@__ _#___.,Fun Facts
Ancient History - 47,The ancient Romans created aqueducts to carry fresh water into their cities.,___ ____#__ ______ ______@ a__@___#_ t_ _@_@_ ___#_ __@__ i___ _#___ __#___.,Fun Facts
Ancient History - 48,Ancient Egyptians used a form of toothpaste made from several powdered ingredients.,_______ ___#___#_ _@__ _ @__@ __ _#______t_ ___e f___ ___@__l _____@__ __#_____#__.,Fun Facts
Ancient History - 49,Papermaking was invented in ancient China long before it reached Europe.,_____#__#__ ___ ___@_@__ __ __@____ C_#__ l___ ___#__ i_ @__#___ __r_@_.,Fun Facts
Ancient History - 50,The ancient Romans used public toilets connected to underground drainage systems.,_#_ ___#_@_ _o_@__ u___ p_____ __#____ _____#___ __ ____@__#___ __@____@ __s____.,Fun Facts
Science - 1,"Water expands when it freezes, which is why ice floats on liquid water.","__#__ _______ ____ i_ _@e_#__, _h_@_ @_ w__ _#_ f@_at_ o_ _#____ @__#_.",Fun Facts
Science - 2,The DNA inside one human cell stretches to nearly two meters when uncoiled.,___ _#_ __#___ ___ __#__ @__@ _#_@_____ @_ ______ ___ __t___ w___ u_@__#__.,Fun Facts
Science - 3,Sound travels faster through water than it does through air.,_@___ _#___@_ f_____ th__#__ __@_r ___@ _@ _#__ __#____ _#_.,Fun Facts
Science - 4,The human brain uses roughly as much power as a small light bulb.,_@_ _____ ___i_ @___ __#__#_ _s @___ _@_#_ __ a _#__@ _____ _#__.,Fun Facts
Science - 5,A bolt of lightning can heat the surrounding air to extreme temperatures.,_ __@_ __ _#_______ ___ ____ __e @__#_____n_ _@_ t_ ___r_#_ _#__#_@___@_.,Fun Facts
Science - 6,"Earth's atmosphere is mostly nitrogen, with oxygen making up much of the rest.","____@'_ __#__@_#__ __ ______ _#_____@, ____ o___#_ m_____ u_ __c_ @_ _#_ __@_.",Fun Facts
Science - 7,DNA contains the genetic instructions used to build and maintain living organisms.,@__ ________ _@_ ____@__ _@_____#__#_ u___ t_ ___#_ a__ _____#__ _____g o__@___#_.,Fun Facts
Science - 8,Some metals can remember their original shape after being bent or heated.,____ @__#__ ___ ________ __#__ ___#__@_ _h_p_ @_@__ ___#_ b_#_ _@ ______.,Fun Facts
Science - 9,Some plants can detect tiny vibrations caused by caterpillars chewing their leaves.,_@__ @_____ ___ ____#_ ___@ v_______#_ _____d b_ ______#___#_ ___@__@ _#___ l_____.,Fun Facts
Science - 10,Black holes can bend light so strongly that they create distorted images of distant stars.,_____ _#___ _#_ @___ _____ __ ____n_#_ _@__ t___ __@___ _____@_#_ _____s o_ ______@ ___#_.,Fun Facts
Science - 11,The human body gives off a tiny amount of visible light that our eyes cannot detect.,_#_ _____ _#__ _#_@_ @__ _ ____ _@____ __ @____#_ _____ _#__ _@_ e___ ___n__ ______.,Fun Facts
Science - 12,Some spiders use Earths electric fields to help them travel through the air.,@___ ____#__ _#_ ______ ___@_#_c _i_#__ t_ _@__ ____ ____@_ _____#_ @__ a__.,Fun Facts
Science - 13,The universe is expanding and distant galaxies are generally moving away from us.,_@_ _#_@____ __ _@__@____ ___ _____#_ __#__#__ a__ g________ _#____ @___ ___m u_.,Fun Facts
Science - 14,"Nothing can move through space faster than light, but space itself can expand faster than light.","______@ ___ __#_ __@____ ___#_ ______ ____ _#___, _u_ s____ _@__@_ c__ _#____ f____r @___ __#__.",Fun Facts
Science - 15,Plants can communicate chemical signals when they are attacked by insects.,__#___ ___ c_#___#____ ___m__@_ __#_a__ __#_ _@__ ___ @______@ _@ i_____s.,Fun Facts
Science - 16,Some bacteria can survive in environments that would be deadly to humans.,____ @____@__ _#_ __#___e i_ ___#______#_ t_a_ ____@ b_ __@_#_ __ __@__s.,Fun Facts
Science - 17,Honey can resist spoilage because it is acidic and contains very little water.,_____ ___ ______ _#______ _@___#_ __ _@ _#____ @__ @__#_i_s v___ l_#___ _@___.,Fun Facts
Science - 18,"Traveling to the nearest galaxy could take 25,000 years.","Tr_@___#_ _@ __@ _#__es_ _#____ __#__ _#__ 25,000 @___@.",Fun Facts
Science - 19,"If we travel 65 million light-years away from Earth, we can see dinosaurs roaming around on Earth.","__ __ ___#__ 65 _#_____ @____-_____ @___ ____ _____, w_ @__ s__ __#___#__ _@___#_ a_____ o_ @____.",Fun Facts
Science - 20,"Nothing can move through space faster than light, but space itself can expand faster than light.","_@_____ @__ ____ _____#_ @____ _____@ ____ __#__, ___ _____ _@____ ___ e___#_ ___#__ t___ l_#__.",Fun Facts
Science - 21,"Glass is technically a solid, although it has unusual molecular properties.","__@__ __ @____@_#___ _ s____, @__#____ @_ _#_ _#_____ _______#_ ___per____.",Fun Facts
Science - 22,"Water can exist as a solid, liquid, and gas under natural conditions.","__#__ ___ ____@ _@ a _#___, l_____, ___ _#_ @____ _@_#___ __@___#___.",Fun Facts
Science - 23,Sea otters hold hands while sleeping so they do not float away from each other.,_#_ ______ __#_ _@___ w____ s___p___ @_ _#__ _@ _o_ f__#_ @___ ___@ _#__ __h__.,Fun Facts
Science - 24,Some fungi can control the behavior of insects they infect.,_@__ _#___ @__ ___t___ ___ _#__#___ _f __#__#_ ___@ i@__@_.,Fun Facts
Science - 25,Rats laugh out loud when they are tickled but humans cannot hear the high frequency sound.,__#_ _#__@ ___ ___@ ____ ____ _r_ t______ b__ ____n_ _@____ ___@ _#_ __#_ __e__@_#_ s____.,Fun Facts
Science - 26,Light takes thousands of years to travel from the core of the Sun to its surface.,____@ ___#_ _____#___ __ _____ __ _#_@__ ____ t__ _#__ o_ ___ _u_ _@ _#_ __@_@__.,Fun Facts
Science - 27,Saturn would float in water if a container large enough could hold it.,@_____ ___#_ ___#_ __ __@_@ __ a ___#_i__r ____@ _#____ __#__ __@_ __.,Fun Facts
Science - 28,Pure water can conduct zero electricity without any minerals dissolved in it.,___@ _____ ___ _#__@__ ____ _#_____c___ _@_____ _n_ __#__#__ @_@___#__ i_ __.,Fun Facts
Science - 29,Diamonds can be burned and turned into pure carbon dioxide gas at high heat.,__#__@__ ___ __ _#__@_ ___ ____#_ __@_ @___ ______ _i__@__ g__ a_ _#__ _#__.,Fun Facts
Science - 30,If you removed all space inside human atoms everyone would fit in a sugar cube.,__ _#_ ____@__ ___ _____ _@____ _#___ a__#_ _#__#_@_ ____d f__ _@ _ _____ __@_.,Fun Facts
Science - 31,"Carbon exists in many forms, including diamond, graphite, and graphene.","___@__ ____@_ i_ _a__ _#__@, __@____#_ _#__#__, ___p____, ___ _@___#__.",Fun Facts
Science - 32,A teaspoon of healthy soil can contain millions of living microscopic organisms.,_ ________ __ _______ ____ c__ __#__@_ __@__o_@ __ _#_@__ @____s___#_ ___#__#__.,Fun Facts
Science - 33,Earth is the only known planet in our solar system not named after a deity.,_____ __ _#_ _@__ ___#_ ___#__ __ ___ s@_@_ ______ n_@ __@__ ___#_ a ___#_.,Fun Facts
Science - 34,The deepest parts of Earths oceans contain life despite enormous pressure.,_h_ ____#__ _a_@_ _@ E___#_ __#__s _@_@_#_ __#_ _______ ________ __@__u__.,Fun Facts
Science - 35,Magnetic fields can extend far beyond the visible surface of an object.,_____@__ __e__@ __n _x____ __@ ___#__ _#_ _#__#__ ___#_c_ o_ @_ _____@.,Fun Facts
Science - 36,Tears cannot fall down your face in outer space because there is zero gravity.,__#__ ______ ___@ d___ y_#_ _#__ i_ _@___ _@_#_ _e____@ __#__ __ @___ _____t_.,Fun Facts
Science - 37,Some insects can see ultraviolet patterns that guide them toward flowers.,__#_ __#____ ___ ___ __@_@___#__ _#__#__s t___ g__d_ @__@ @_____ f______.,Fun Facts
Science - 38,The human skeleton contains 206 bones in most fully grown adults.,___ @____ _@____#_ _____#__ 206 @_@__ i_ _#__ ___#_ _@__n a__#__.,Fun Facts
Science - 39,Mitochondria produce much of the energy that cells need to function.,_@_@__#___#_ ______@ ___@ __ ___ __#___ t___ __l_s n_#_ __ _#____@_.,Fun Facts
Science - 40,Some bacteria can use minerals and chemicals instead of sunlight for energy.,____ ___@____ ___ u__ __n_#___ __@ ______#__ __@_#_d o_ ___@__#_ @__ ___#_y.,Fun Facts
Science - 41,Earths magnetic field helps protect the planet from charged solar particles.,___#__ __@_e___ _#__@ ___#_ ______@ _#_ p_____ f_#_ ______d ___@_ ______@__.,Fun Facts
Science - 42,A vacuum does not carry sound because there are no particles to vibrate.,_ _#____ __@_ ___ @_r__ _#___ __@__#_ t_#__ a__ n_ ___#__@e_ _@ _______.,Fun Facts
Science - 43,"The universe contains billions of galaxies, each containing enormous numbers of stars.","___ __#__#__ ______@s __@_____ o_ ___#____, @___ _____i__@_ ___#__u_ __#____ __ _@_r_.",Fun Facts
Science - 44,Some crystals can generate an electric charge when they are squeezed.,__@_ __#___#_ _@_ ____r_@_ @_ _____#__ ____g_ _#__ _@__ _#_ _____z__.,Fun Facts
Science - 45,The human body produces new red blood cells inside bone marrow.,T__ ___@_ __#_ ___@____ _#_ _ed b____ @__#_ @__#__ __#_ ____@_.,Fun Facts
Science - 46,The element bismuth is radioactive but its decay takes longer than the age of Earth.,___ _@_____ @____@_ @_ _______#___ ___ ___ @____ ___#_ _#__#_ t___ ___ _#_ o_ E____.,Fun Facts
Science - 47,Some materials become highly conductive and conduct electricity with no resistance.,_@_@ _#___@___ ___#__ ______ _________@ ___ __#___t ______#____ w___ n_ ____#__@__.,Fun Facts
Science - 48,Plants can grow without soil when they receive water and necessary nutrients.,__#__@ ___ ____ __#____ _@_@ w___ _#__ r______ ___@_ @__ _#_______ ___#__nt_.,Fun Facts
Science - 49,A single lightning bolt can contain enough energy to power many homes briefly.,_ ___@__ __@____#_ ____ _#_ __#____ __@u__ @_e___ t_ __#__ _@__ ___#_ b______.,Fun Facts
Science - 50,A rainbow is actually a full circle but the ground usually hides its lower half.,_ ____#__ @_ _______@ _ __#_ ______ _#_ _#_ ___@__ _#___l_ _i_@_ ___ __w_@ ____.,Fun Facts
Camping - 1,Thomas Hiram Holding wrote the first modern camping guide in 1908 after canoeing Scotland.,___#__ _i_@_ H__@_n_ __#_e t__ __@__ _#____ @______ __#__ @_ 1908 _f__r ___#____ S_______.,Fun Facts
Camping - 2,S'mores first appeared in print in a 1927 Girl Scout handbook called Some Mores.,_'___@_ _@_#_ ___@__#_ __ _____ __ _ 1927 __#_ __#__ @_@___#_ c_____ S___ M____.,Fun Facts
Camping - 3,Sleeping outdoors for one weekend can reset your body clock to natural sunrise and sunset.,______#_ __#_____ ___ ___ _____#_ ___ _@___ _@__ _@_y __o__ t_ ___#__@ s______ @__ __#___.,Fun Facts
Camping - 4,Portaledges allow rock climbers to hang tent platforms thousands of feet up sheer cliffs.,_____#_____ _#___ __#_ ________ __ ____ __@_ ____@_@__ ______@__ o_ f___ u_ s__@r _#__#_.,Fun Facts
Camping - 5,"Mayans created hammocks over 1,000 years ago to sleep safely above ground pests.","____#_ _#_____ _#___#__ __@_ 1,000 ___r_ @_o t_ _#___ s_____ __@__ _@__@_ _____.",Fun Facts
Camping - 6,"Central Asian nomads have used portable wooden frame yurts for over 3,000 years.","_#__#__ @____ ______ ____ _@e_ @____#__ ___@__ __@__ __#__ f__ ___r 3,000 y_#__.",Fun Facts
Camping - 7,Sleeping pads prevent conductive heat loss to the cold ground far better than blankets.,__#_____ ____ _______ ___@______ _#__ _@__ t_ _#_ c_l_ ____#_ @__ b@__e_ ____ __#____@.,Fun Facts
Camping - 8,"The world's highest campsite sits near Everest's South Col at 26,000 feet altitude.","___ _____'_ __@__#_ _#____@_ ____ ____ ___#___'s @____ _#_ a_ 26,000 __e_ _#_@_u@_.",Fun Facts
Camping - 9,The lowest campsite on Earth lies near the shore of the Dead Sea below sea level.,__@ __#_@_ ___@__#_ __ _____ ____ ____ ___ __#__ @_ _#_ D___ S__ @____ ___ __#_l.,Fun Facts
Camping - 10,Pine needle tea contains up to five times more vitamin C than fresh orange juice.,____ _#____ ___ ___@__#_ __ __ ____ _____ __#_ ___a_@_ C @__@ _#_@_ __#_g_ j____.,Fun Facts
Camping - 11,"Birch bark contains betulin, a chemical that ignites even when completely soaked.","___@_ ____ _____#__ _______, a @__@____ t___ ____#__ @___ ___@ _#____#__y __#___.",Fun Facts
Camping - 12,Tracks with visible claw marks usually belong to dogs or coyotes rather than cats.,____@_ ____ __#__@_ ____ @__#_ __u____ __#___ @_ d_#_ _r _#_____ ______ @___ ___s.,Fun Facts
Camping - 13,Foxfire is a luminescent fungus that makes decaying campfire wood glow green at night.,_____@_ __ _ ____#____@_ ______ @___ _a_#_ ______@_ ____#___ w___ g___ @__#_ __ __#__.,Fun Facts
Camping - 14,Cast iron Dutch ovens retain campfire heat so evenly they act as portable baking ovens.,____ ____ _#__@ _@___ ____#_ ________ __#_ s_ ___#__ _@__ a__ @_ _or___@_ ____#_ _v___.,Fun Facts
Camping - 15,The North Face built the first geodesic dome tent in 1975 using Buckminster Fuller math.,___ _____ ___@ _#__t __@ f____ ____e___ __#_ __#_ _@ 1975 __@_g _____i__#__ @__l__ _#__.,Fun Facts
Camping - 16,Thermals blow up mountain slopes during daytime heating and down valleys at cold night.,_@___@_@ _@__ __ ___#____ ______ d_____ __#___e h______ a__ ____ _@_l_#_ __ _#__ _#___.,Fun Facts
Camping - 17,Campers in the 1970s began reusing laboratory sample bottles as leakproof canteens.,__@_#__ __ @__ 1970s ___@_ _#____@ ___#______ ___p__ _______ _@ _e___#___ _#______.,Fun Facts
Camping - 18,Vibram rubber boot soles were created in 1937 after a tragic alpine climbing accident.,___@__ ______ __#_ __#__ _@__ ___a_#_ i_ 1937 __@_r _ _@__#_ ______ ______#_ ____@___.,Fun Facts
Camping - 19,Snow reflects up to eighty percent of solar ultraviolet radiation back onto your face.,__@_ ______#_ __ __ ______ ____#__ _@ s____ ___#_____@_ ___#____@ ba__ _#__ __u_ _@__.,Fun Facts
Camping - 20,"Aromatic oils inside red cedar wood naturally repel moths, ants, and outdoor insects.","@__#___@ ____ ___#__ ___ _____ ____ _@_#_____ ____@ m____, __t_, _#_ @___#__ i______.",Fun Facts
Camping - 21,Tim Leatherman designed his first pocket multi-tool after repairing his car in Europe.,_#_ @____#____ _@______ ___ ___#_ ____@_ __#__-____ a____ ____i_@__ @__ c__ __ ____#_.,Fun Facts
Camping - 22,Unemployed Boeing engineers invented self-inflating camping mattresses back in 1972.,_@___#____ _@____ ____n__#_ @_v_#___ s___-_______@_ ______@ ___#______ __#_ i_ 1972.,Fun Facts
Camping - 23,Deer and elk are drawn to campsites to lick human salt residue left on gear and clothes.,____ ___ _#_ ___ __@_@ __ ___@_____ __ _#__ ___@_ __#_ ___#__e l___ @_ ___r a__ c___#__.,Fun Facts
Camping - 24,Scotland features hundreds of unlocked mountain shelters called bothies free for hikers.,______#_ ________ _______@ __ __@___#_ __#____@ _____#__ ____@_ __#____ f___ ___ h__e@_.,Fun Facts
Camping - 25,Paracord 550 was first used as suspension lines for parachutes during World War II.,_@__#___ 550 __s __#__ u___ a_ ____#_____ __@__ _@_ __#__#____ ___i__ W_@__ @__ __.,Fun Facts
Camping - 26,Dry fluff from seed heads of cattail plants serves as an instantly igniting fire tinder.,_#_ _#___ ____ __@_ ____@ __ ___@___ ____#_ _#____ a_ __ ______#__ @__@____ f___ _i____.,Fun Facts
Camping - 27,Karl Elsener made the first Swiss Army Knife in 1891 to help soldiers open canned food.,_#__ ______@ ____ @__ __@__ _#___ __#_ _____ __ 1891 t_ h___ __#___@_ _@_n _#____ f___.,Fun Facts
Camping - 28,Mosquitoes track human breath by sensing carbon dioxide plumes up to 150 feet away.,______#___ ____@ ___#_ ___@__ __ _______ __#___ __#_i_@ _@____ u_ t_ 150 _#__ a__@.,Fun Facts
Camping - 29,Goose down insulation loses almost all warming ability when it gets wet outdoors.,____@ ____ __#__#__@_ ___#_ _@__#_ ___ ____@__ _______ ___@ i_ __#_ w__ o_______.,Fun Facts
Camping - 30,Wool fibers can absorb thirty percent of their weight in water while still keeping you warm.,_#__ ______ ___ @_____ _#___@ _#___@_ __ ___@_ _____@ __ _____ w____ _t__l ____#__ _#_ ___m.,Fun Facts
Camping - 31,Bear-resistant food canisters require complex finger twists that bears cannot mirror.,____-@______#_ ____ _______#_ ___u_@_ __m____ __n__@ @_____ __#_ _#_r_ c_____ __#__@.,Fun Facts
Camping - 32,"The word bivy comes from the Swiss military term Biwak, meaning emergency night shelter.","___ ____ ____ _____ f___ @__ ___s_ __#_____ _@__ __@__, _@__#__ __#___n@_ ___#_ ___#__r.",Fun Facts
Camping - 33,"A quinzhee snow shelter is made by piling snow, settling it, and digging out the inside.","_ ___@___@ _@__ _____#_ __ _#__ __ ______ __#_, ___#_@__ __, a__ __#___@ o__ t__ ___i__.",Fun Facts
Camping - 34,Body warmth trapped inside a well-built ice igloo can raise internal temperature to 60?F.,____ _#_@__ _#_____ _@____ _ _#__-_#___ i__ @____ c__ r____ _____#__ t_@__@____e __ 60?F.,Fun Facts
Camping - 35,The official Leave No Trace program was established in 1994 to protect wild wilderness.,___ ___@____ __#__ __ _#___ _#____@ w__ ___@_______ i_ 1994 _@ __#___t __l_ _@___#__s_.,Fun Facts
Camping - 36,The Bortle scale rates night sky darkness from Class 1 pristine to Class 9 bright city.,___ __#___ ____@ ___@_ __g_t _@_ ___#____ _#__ C____ 1 _r___#__ _@ ___#_ 9 ___@__ ___y.,Fun Facts
Camping - 37,Tensile tree tents suspend campers off the ground using three anchor points on trees.,___#__@ ____ _@___ _______ __@____ __@ _#_ _#____ _____ t____ @__h_r ___#_s o_ __#__.,Fun Facts
Camping - 38,"Friction fire bow drills date back over 4,000 years to ancient Egyptian civilization.","_____#__ _#__ ___ _____@ _@_@ ____ _#__ 4,000 __a__ t_ _______ _____@__ _#_____#_@__.",Fun Facts
Camping - 39,Rooftop car tents were patented in Italy during 1958 for safe desert overland travel.,____#__ ___ _____ _@_@ __@__#__ __ I__@_ _u_#__ 1958 f__ __#_ d_____ o____#__ ___@__.,Fun Facts
Camping - 40,Cowboy coffee is made by boiling grounds in water and settling them with cold drops.,__#___ _#____ __ __#_ __ @______ _______ __ __#__ a__ __#__@__ t___ w___ co@_ _@_@_.,Fun Facts
Camping - 41,Wood smoke smell clings to clothing because tar molecules bind tightly to fabric fibers.,___@ _____ _____ _#____ __ _#___@__ _______ @_r _____#_e_ _#__ @__@___ t_ f_____ ___#__.,Fun Facts
Camping - 42,"Freeze-dried meals lose 98% of water weight, making them ultra lightweight for backpacking.","_@____-__#__ __@__ ____ 98% __ _____ __#___, __@___ t___ __@_a ___#__e@___ fo_ b_#__#_____.",Fun Facts
Camping - 43,Paul Revere is credited with adding legs and a rimmed lid to the classic cast iron Dutch oven.,____ @__#__ __ ___#____ __@_ __@___ __#_ _#_ _ _i____ __@ to ___ c______ __@_ _#__ _____ ____.,Fun Facts
Camping - 44,Wearing a warm winter hat keeps your feet warm by preventing body heat loss from the head.,__#____ _ ____ ______ ___ @___s _#__ __@_ w___ @_ ________@_ _#__ __#_ l___ __#_ _h_ @___.,Fun Facts
Camping - 45,"Gorp stands for Good Old Raisins and Peanuts, a classic trail snack since the 1960s.","_@__ @_____ ___ ____ ___ __@____ _@_ _#___@_, a ___#___ ___#_ s_#__ __#__ t__ 1960_.",Fun Facts
Camping - 46,Mountain pikas gather and dry grass stacks in summer to feed on while winter camping under snow.,______@_ __#__ ______ ___ ___ _____ __@___ __ @_____ __ _#__ o_ __#__ _#__#_ c______ _@__r @__w.,Fun Facts
Camping - 47,Traditional Plains tipis use smoke flaps that create a chimney draft to vent indoor fires.,__@___#____ ______ __#__ ___ __@__ _____ ____ _____@ _ ___#___ ___#_ t_ v___ @___@_ _i_#_.,Fun Facts
Camping - 48,Overnight Antarctic tourists must sleep in double sleeping bags inside snow trenches.,_#___#___ @_____#__ @____@__ ____ _____ i_ @__b__ ___@____ ____ ______ __#_ ____#___.,Fun Facts
Camping - 49,Certified Dark Sky Parks strictly ban artificial lights to preserve natural night views.,___@_____ ____ ___ _@___ @____#__ ___ ___i__#_@_ l_____ t_ _r__#___ ____@__ _#___ __#__.,Fun Facts
Camping - 50,US public lands allow free dispersed camping outside developed sites for up to 14 days.,__ ______ ____@ __#__ __#_ __#______ _a_#___ @_@____ _____#___ s____ f__ u_ @_ 14 __@_.,Fun Facts
